geo,time,Markup
aia,2000,0.86280382
aia,2001,1.3767829
aia,2002,1.7621175
aia,2003,3.5949841
aia,2004,4.0468407
aia,2005,3.5419121
aia,2006,2.5917614
aia,2007,1.4153076
aia,2008,1.2732884
aia,2009,1.2973648
aia,2010,0.76649386
arg,1986,0.9168545
arg,1987,1.1866982
arg,1988,1.1234313
arg,1989,1.12905
arg,1990,1.0646898
arg,1991,1.3935903
arg,1992,1.4852929
arg,1993,1.4764355
arg,1994,1.5660825
arg,1995,1.6608012
arg,1996,1.7195357
arg,1997,1.8060985
arg,1998,1.9850681
arg,1999,2.040483
arg,2000,1.7048922
arg,2001,1.8657249
arg,2002,1.8376002
arg,2003,1.972002
arg,2004,2.0854218
arg,2005,1.8453482
arg,2006,1.6208419
arg,2007,1.6155479
arg,2008,1.4940752
arg,2009,1.5615608
arg,2010,1.5142453
arg,2011,1.3942555
arg,2012,1.523193
arg,2013,1.4037699
arg,2014,1.4444703
arg,2015,1.4810609
arg,2016,1.4511269
aus,1980,0.99401796
aus,1981,0.91641736
aus,1982,0.95658541
aus,1983,0.95523554
aus,1984,0.9068439
aus,1985,0.92987454
aus,1986,0.88217956
aus,1987,1.0504779
aus,1988,0.9677611
aus,1989,0.99965674
aus,1990,0.98477083
aus,1991,0.96860647
aus,1992,0.98182547
aus,1993,0.98908967
aus,1994,0.98746473
aus,1995,1.0383998
aus,1996,1.0335332
aus,1997,1.0184982
aus,1998,1.0618994
aus,1999,1.0841222
aus,2000,1.1646743
aus,2001,1.3896618
aus,2002,1.3352232
aus,2003,1.3392624
aus,2004,1.3254594
aus,2005,1.422313
aus,2006,1.453552
aus,2007,1.4645801
aus,2008,1.4388943
aus,2009,1.36894
aus,2010,1.5313209
aus,2011,1.5627854
aus,2012,1.5146151
aus,2013,1.4313082
aus,2014,1.5914767
aus,2015,1.5385278
aus,2016,1.5677156
aut,1980,0.91905874
aut,1981,0.90757477
aut,1982,0.91525453
aut,1983,0.91376996
aut,1984,0.92738473
aut,1985,0.91053188
aut,1986,0.9348278
aut,1987,0.9054864
aut,1988,0.96882182
aut,1989,1.0432148
aut,1990,1.0972726
aut,1991,1.3257482
aut,1992,1.3248177
aut,1993,1.1443156
aut,1994,1.155303
aut,1995,1.1448604
aut,1996,1.1321504
aut,1997,1.1636759
aut,1998,1.2987125
aut,1999,1.2444037
aut,2000,1.2293332
aut,2001,1.2051294
aut,2002,1.2057709
aut,2003,1.3313388
aut,2004,1.305243
aut,2005,1.1982372
aut,2006,1.1874317
aut,2007,1.2542434
aut,2008,1.1593415
aut,2009,1.1585047
aut,2010,1.2776887
aut,2011,1.16942
aut,2012,1.1704423
aut,2013,1.3216068
aut,2014,1.4051604
aut,2015,1.4935542
aut,2016,1.3256128
aze,2009,2.4940028
aze,2010,2.9369476
aze,2011,3.1373863
aze,2012,2.1426668
aze,2013,1.292537
aze,2014,1.1545196
aze,2015,1.2347834
bhs,1998,1.2575977
bhs,1999,0.75256205
bhs,2000,0.99089903
bhs,2002,1.7754482
bhs,2003,1.5566878
bhs,2004,1.9573226
bhs,2005,1.8071262
bhs,2006,1.7780259
bhs,2007,1.7530359
bhs,2008,1.822419
bhs,2009,1.2780209
bhs,2010,1.254583
bhs,2011,1.1548991
bhs,2012,1.5465512
bhs,2013,1.4956385
bhs,2014,1.6634644
bhs,2015,1.2998872
bhs,2016,1.3618453
bhr,2003,1.230624
bhr,2004,1.2289876
bhr,2005,2.5199692
bhr,2006,2.3607895
bhr,2007,1.442591
bhr,2008,1.5146226
bhr,2009,1.5832697
bhr,2010,1.6033385
bhr,2011,1.5005183
bhr,2012,1.4257249
bhr,2013,1.5363375
bhr,2014,1.8720125
bhr,2015,2.1311369
bhr,2016,1.8923782
bgd,2005,2.2881968
bgd,2006,2.1414051
bgd,2007,2.0239375
bgd,2008,1.5040785
bgd,2009,1.5297331
bgd,2010,1.4626769
bgd,2011,1.3950278
bgd,2012,1.3754876
bgd,2013,1.6416076
bgd,2014,1.8028258
bgd,2015,2.1846182
bgd,2016,2.2030191
brb,2005,1.2536039
brb,2006,1.4125676
brb,2007,1.3774761
brb,2008,1.2367558
brb,2009,1.2883201
brb,2010,1.3025379
brb,2011,1.3416008
brb,2012,1.4223202
brb,2013,1.8107935
brb,2014,1.9256427
brb,2015,1.3414731
brb,2016,0.95353532
bel,1980,1.0269524
bel,1981,0.99605775
bel,1982,0.96415836
bel,1983,1.0035875
bel,1984,1.0286765
bel,1985,0.98100978
bel,1986,0.98689079
bel,1987,0.92827541
bel,1988,0.99661666
bel,1989,1.0170429
bel,1990,1.012071
bel,1991,0.99583638
bel,1992,0.98306274
bel,1993,0.98384559
bel,1994,0.97641301
bel,1995,0.99221051
bel,1996,0.98158169
bel,1997,1.0237346
bel,1998,1.0389873
bel,1999,1.0416247
bel,2000,1.0574852
bel,2001,1.0475318
bel,2002,1.1699195
bel,2003,1.203633
bel,2004,1.2113559
bel,2005,1.4351864
bel,2006,1.4798133
bel,2007,1.5152345
bel,2008,1.5170146
bel,2009,1.5577695
bel,2010,1.5786918
bel,2011,1.6228696
bel,2012,1.6441213
bel,2013,1.781136
bel,2014,1.8569444
bel,2015,1.8468202
bel,2016,2.057785
bmu,1982,1.6989611
bmu,1983,1.7350129
bmu,1984,1.8133461
bmu,1985,1.7949418
bmu,1986,1.6680714
bmu,1987,1.418807
bmu,1988,1.3200573
bmu,1989,1.2621212
bmu,1990,1.2026929
bmu,1991,1.1061183
bmu,1992,1.0747119
bmu,1993,1.017814
bmu,1994,0.89281225
bmu,1995,0.87006104
bmu,1996,0.89618957
bmu,1997,0.9196763
bmu,1998,0.98512429
bmu,1999,1.1433553
bmu,2000,1.4087228
bmu,2001,1.3657345
bmu,2002,1.2831328
bmu,2003,1.3329135
bmu,2004,2.0799232
bmu,2005,2.038558
bmu,2006,1.8264788
bmu,2007,1.7282549
bmu,2008,1.7413952
bmu,2009,1.7762715
bmu,2010,1.8084849
bmu,2011,1.868922
bmu,2012,1.7420218
bmu,2013,1.7521515
bmu,2014,2.0132711
bmu,2015,1.9102885
bmu,2016,1.95161
bol,2005,3.1112788
bol,2006,2.0268025
bol,2007,1.1888634
bol,2008,2.8083599
bol,2009,1.886759
bol,2010,1.5282242
bol,2011,1.2899954
bol,2012,1.4823037
bol,2013,5.9370451
bol,2014,4.9188766
bol,2015,3.596246
bol,2016,2.1677191
bih,2005,1.9717189
bih,2006,1.9396944
bih,2007,1.7371148
bih,2008,1.769256
bih,2009,1.7619041
bih,2010,1.8401258
bih,2011,1.6387466
bih,2012,1.6603953
bih,2013,3.1216795
bih,2014,3.2075756
bih,2015,3.6152387
bih,2016,2.5153642
bwa,2005,1.2971699
bwa,2006,1.273068
bwa,2007,1.1815177
bwa,2008,1.2649858
bwa,2009,1.1728244
bwa,2010,1.2465022
bwa,2011,1.3721762
bwa,2012,1.2580723
bwa,2013,1.399366
bwa,2014,1.4054447
bwa,2015,1.4003161
bwa,2016,1.2473309
bra,1987,1.6223694
bra,1988,1.7868639
bra,1989,1.7218683
bra,1990,1.7599186
bra,1991,1.6332316
bra,1992,1.3097531
bra,1993,1.5857736
bra,1994,1.4230528
bra,1995,1.5181671
bra,1996,1.565666
bra,1997,1.7934035
bra,1998,1.4844685
bra,1999,1.5161567
bra,2000,1.8187834
bra,2001,1.6066763
bra,2002,1.5689341
bra,2003,1.5290197
bra,2004,1.7092129
bra,2005,1.5544095
bra,2006,1.6250948
bra,2007,1.5769132
bra,2008,1.6665196
bra,2009,1.607919
bra,2010,1.7186756
bra,2011,1.6558121
bra,2012,1.5293611
bra,2013,1.5625182
bra,2014,1.3455718
bra,2015,1.370611
bra,2016,1.6119453
vgb,2001,1.334887
vgb,2002,1.3161938
vgb,2003,1.309652
vgb,2004,1.0730191
vgb,2005,1.267424
vgb,2006,1.2576336
vgb,2007,1.2358907
vgb,2008,0.95286369
vgb,2009,0.95090479
vgb,2010,0.96546721
vgb,2011,0.96967262
vgb,2012,0.97641647
vgb,2013,2.3248608
vgb,2014,2.0130656
vgb,2015,1.6299334
vgb,2016,1.4511747
bgr,2002,0.84764653
bgr,2003,0.77749807
bgr,2004,0.98452419
bgr,2005,1.3392578
bgr,2006,1.3822011
bgr,2007,1.675167
bgr,2008,1.5526116
bgr,2009,1.8927833
bgr,2010,1.8157781
bgr,2011,1.6860505
bgr,2012,1.898694
bgr,2013,2.9244568
bgr,2014,2.7531881
bgr,2015,2.9206636
bgr,2016,3.4551859
khm,2005,2.1636028
khm,2006,2.0414314
khm,2007,1.7251146
khm,2008,1.5130581
khm,2009,2.5163572
khm,2010,3.7925551
khm,2011,3.6526952
khm,2012,3.611377
khm,2013,3.7177124
khm,2014,3.0144846
khm,2015,2.6008365
khm,2016,2.3787978
cmr,2013,1.2249117
cmr,2014,1.2509919
cmr,2015,1.2041492
can,1980,0.92710769
can,1981,0.90543938
can,1982,0.88940102
can,1983,0.89459825
can,1984,0.93716377
can,1985,0.91304708
can,1986,0.95263904
can,1987,1.0704082
can,1988,1.1554638
can,1989,1.2430401
can,1990,1.1714702
can,1991,1.2033435
can,1992,1.2057576
can,1993,1.2335747
can,1994,1.2529793
can,1995,1.265696
can,1996,1.2804999
can,1997,1.2875221
can,1998,1.2450838
can,1999,1.3542575
can,2000,1.3448647
can,2001,1.2487726
can,2002,1.3900764
can,2003,1.5486639
can,2004,1.4598231
can,2005,1.464556
can,2006,1.5027272
can,2007,1.5670131
can,2008,1.5573646
can,2009,1.4962766
can,2010,1.4884579
can,2011,1.4574475
can,2012,1.4790775
can,2013,1.4909643
can,2014,1.5439667
can,2015,1.5295123
can,2016,1.5325372
cym,1981,2.162107
cym,1982,1.8521477
cym,1983,1.9851263
cym,1986,3.2970643
cym,1987,2.1470437
cym,1988,1.4777342
cym,1989,1.1860354
cym,1990,1.1824011
cym,1991,1.1187713
cym,1992,0.95601934
cym,1993,1.6495378
cym,1994,1.0121881
cym,1996,2.6704288
cym,1997,2.2659295
cym,1998,1.803211
cym,1999,3.0563757
cym,2000,2.8508391
cym,2001,1.4916106
cym,2002,1.636029
cym,2003,1.8236632
cym,2004,1.6926899
cym,2005,1.7184774
cym,2006,1.6976371
cym,2007,1.6501089
cym,2008,1.7700391
cym,2009,1.7304184
cym,2010,2.7080946
cym,2011,2.7380991
cym,2012,2.6508205
cym,2013,2.924516
cym,2014,2.9449122
cym,2015,3.1834328
cym,2016,3.4073355
chanisl,1991,1.3576031
chanisl,1992,1.1553022
chanisl,1993,1.250446
chanisl,1994,1.7341462
chanisl,1995,1.9118692
chanisl,1996,1.2670914
chanisl,1997,1.2584342
chanisl,1998,4.2663622
chanisl,1999,1.3327842
chanisl,2000,2.5624244
chanisl,2001,1.5275751
chanisl,2002,1.8078746
chanisl,2003,2.4845691
chanisl,2004,2.7135637
chanisl,2005,3.5512328
chanisl,2013,0.31244117
chl,1985,3.3095832
chl,1986,2.5306098
chl,1987,1.5994232
chl,1988,1.6804307
chl,1989,1.5383106
chl,1990,1.4624221
chl,1991,1.4860845
chl,1992,1.6179842
chl,1993,1.6825947
chl,1994,1.7148751
chl,1995,1.6472743
chl,1996,1.5931619
chl,1997,1.5628554
chl,1998,1.6353393
chl,1999,1.48848
chl,2000,1.4909827
chl,2001,1.7009659
chl,2002,1.505789
chl,2003,1.4595395
chl,2004,1.4063728
chl,2005,1.4089677
chl,2006,1.423908
chl,2007,1.3775364
chl,2008,1.3355086
chl,2009,1.4300524
chl,2010,1.4117974
chl,2011,1.3167349
chl,2012,1.3026798
chl,2013,1.4155916
chl,2014,1.3476199
chl,2015,1.347391
chl,2016,1.3748393
chn,1982,1.8271302
chn,1983,1.5156256
chn,1984,1.569126
chn,1985,1.5958139
chn,1986,1.2470372
chn,1987,1.1642303
chn,1988,1.1517876
chn,1989,1.0673677
chn,1990,1.0451223
chn,1991,1.0789784
chn,1992,1.1978111
chn,1993,1.2089802
chn,1994,1.1777191
chn,1995,1.2174839
chn,1996,1.2114458
chn,1997,1.3002682
chn,1998,1.2188767
chn,1999,1.364381
chn,2000,1.465449
chn,2001,1.5013299
chn,2002,1.5270605
chn,2003,1.4337395
chn,2004,1.4512882
chn,2005,1.3776361
chn,2006,1.3222501
chn,2007,1.2730604
chn,2008,1.2006507
chn,2009,1.2363635
chn,2010,1.2204291
chn,2011,1.1870441
chn,2012,1.1682403
chn,2013,1.2290872
chn,2014,1.2745156
chn,2015,1.3820102
chn,2016,1.405113
col,1987,1.2361541
col,1988,1.1884134
col,1989,1.1964012
col,1990,1.2008532
col,1991,1.2326851
col,1992,1.228595
col,1993,1.139048
col,1994,1.2183659
col,1995,1.4415935
col,1996,1.4698833
col,1997,1.3770311
col,1998,2.5681438
col,1999,1.2512809
col,2000,1.4249686
col,2001,1.4089286
col,2002,1.8645036
col,2003,1.4717656
col,2004,1.9412508
col,2005,1.5622724
col,2006,1.5733331
col,2007,1.7616334
col,2008,1.7013251
col,2009,1.512048
col,2010,1.6004851
col,2011,1.5513523
col,2012,1.4738624
col,2013,1.5675665
col,2014,1.5329556
col,2015,1.6087931
col,2016,1.5625318
cok,2007,3.6594281
cok,2008,4.7412062
cri,2005,1.9789071
cri,2006,1.8158044
cri,2007,1.6413343
cri,2008,1.6561369
cri,2009,1.7872404
cri,2010,1.901897
cri,2011,1.5452738
cri,2012,1.6144607
cri,2013,1.6599755
cri,2014,1.6494581
cri,2015,1.7373463
cri,2016,1.817132
civ,2005,1.2476528
civ,2006,1.2463949
civ,2007,1.1778979
civ,2008,1.1654403
civ,2009,1.1929994
civ,2010,1.1996697
civ,2011,1.1920156
civ,2012,1.2301545
civ,2013,1.1154175
civ,2014,0.9527486
civ,2015,0.94100553
civ,2016,1.1612569
hrv,2002,1.1659383
hrv,2003,1.2534369
hrv,2004,1.2217549
hrv,2005,1.2148722
hrv,2006,1.1457103
hrv,2007,1.2393246
hrv,2008,1.1801158
hrv,2009,1.1868095
hrv,2010,1.2822746
hrv,2011,1.2349275
hrv,2012,1.2374433
hrv,2013,1.5030395
hrv,2014,1.6101949
hrv,2015,2.0557985
hrv,2016,2.0343509
cub,1999,3.4008334
cub,2000,3.4487281
cub,2001,3.4959683
cub,2002,3.2345092
cub,2003,3.3509626
cub,2004,3.097841
cub,2005,3.1461611
cub,2006,3.2127647
cub,2007,3.1974893
cub,2008,2.9584658
cub,2009,3.5142365
cub,2010,3.816206
cub,2011,3.6333647
cub,2012,4.7599864
cub,2013,3.3811803
cub,2014,3.4520783
cub,2015,3.8685226
cub,2016,3.9079187
cyp,1996,0.84760141
cyp,1997,1.0310636
cyp,1998,1.0710393
cyp,1999,1.3056695
cyp,2000,1.7021055
cyp,2001,2.0173857
cyp,2002,2.1204264
cyp,2003,2.0846603
cyp,2004,2.2514501
cyp,2005,1.3481615
cyp,2006,1.618597
cyp,2007,1.5308125
cyp,2008,1.3383482
cyp,2009,1.3218592
cyp,2010,1.3758775
cyp,2011,1.2672802
cyp,2012,1.1625046
cyp,2013,1.2716413
cyp,2014,1.446909
cyp,2015,1.56832
cyp,2016,1.29228
cze,1995,1.5361785
cze,1996,1.3372015
cze,1997,1.1406535
cze,1998,1.1398877
cze,1999,1.127966
cze,2000,1.2537566
cze,2001,1.2912829
cze,2002,1.2918391
cze,2003,1.2660233
cze,2004,1.2603327
cze,2005,1.7279178
cze,2006,2.1480305
cze,2007,2.6242127
cze,2008,2.7476354
cze,2009,2.1153991
cze,2010,1.6692051
cze,2011,1.5274158
cze,2012,1.3838999
cze,2013,1.462199
cze,2014,1.3739182
cze,2015,1.3074883
cze,2016,1.3009211
dnk,1980,0.89240128
dnk,1981,0.8931101
dnk,1982,0.99768609
dnk,1983,1.0037999
dnk,1984,1.0220958
dnk,1985,1.0342383
dnk,1986,1.06025
dnk,1987,1.1085362
dnk,1988,1.1772349
dnk,1989,1.1674565
dnk,1990,1.1780329
dnk,1991,1.1854521
dnk,1992,1.2342386
dnk,1993,1.2498165
dnk,1994,1.4064729
dnk,1995,1.4023731
dnk,1996,1.4124291
dnk,1997,1.4583944
dnk,1998,1.5895432
dnk,1999,1.417544
dnk,2000,1.5275592
dnk,2001,1.4417782
dnk,2002,1.4281785
dnk,2003,1.4411738
dnk,2004,1.5050452
dnk,2005,1.4970572
dnk,2006,1.563152
dnk,2007,1.5637079
dnk,2008,1.5969886
dnk,2009,1.6259352
dnk,2010,1.7274618
dnk,2011,1.7030764
dnk,2012,1.9623517
dnk,2013,1.9785073
dnk,2014,2.4001603
dnk,2015,2.6034737
dnk,2016,2.8446093
ecu,2005,3.332612
ecu,2006,0.99970931
ecu,2007,1.3206726
ecu,2008,1.4079477
ecu,2009,1.3874074
ecu,2010,1.4044341
ecu,2011,1.2984581
ecu,2012,2.1893797
ecu,2013,2.1019661
ecu,2014,2.3114696
ecu,2015,2.4612787
egy,1997,2.4438083
egy,1998,1.7758601
egy,1999,1.6434931
egy,2000,2.1044972
egy,2001,2.1951358
egy,2002,1.8706192
egy,2003,2.1926336
egy,2004,2.1107702
egy,2005,1.674004
egy,2006,1.6802741
egy,2007,1.6154039
egy,2008,1.4182054
egy,2009,1.4380938
egy,2010,1.3733988
egy,2011,1.3433236
egy,2012,1.2781823
egy,2013,1.2759887
egy,2014,1.2964323
egy,2015,1.3212291
egy,2016,1.3016393
est,2002,1.2355652
est,2003,1.3588033
est,2004,1.3487358
est,2005,1.3518008
est,2006,1.3354826
est,2007,1.3035394
est,2008,1.252652
est,2009,1.1367642
est,2010,1.1710327
est,2011,1.1727712
est,2012,1.2663389
est,2013,1.1901706
est,2014,1.2116958
est,2015,1.3065832
est,2016,1.2756943
flk,2003,0.66134065
flk,2005,0.99187893
flk,2006,0.89000022
flk,2007,0.92062473
flk,2008,2.4174831
flk,2009,1.3525435
flk,2010,1.9062036
flk,2011,1.7684041
flk,2012,1.7524791
flk,2013,1.9078079
flk,2014,2.587326
flk,2015,3.0453193
flk,2016,3.292064
fji,2005,1.2899519
fji,2006,2.0367718
fji,2007,1.2571858
fji,2008,1.8407786
fji,2009,1.3711712
fji,2010,1.318262
fji,2011,1.5085714
fji,2012,1.4094582
fji,2013,1.4123141
fji,2014,1.6952761
fji,2015,1.6214668
fji,2016,1.6171438
fin,1980,0.91250134
fin,1981,0.91657323
fin,1982,0.91788429
fin,1983,0.94662851
fin,1984,0.94759458
fin,1985,0.93910557
fin,1986,1.0150213
fin,1987,1.2077792
fin,1988,1.4702473
fin,1989,1.4361849
fin,1990,1.2570877
fin,1991,1.1242872
fin,1992,1.128067
fin,1993,1.1478763
fin,1994,1.158718
fin,1995,1.1646672
fin,1996,1.1124675
fin,1997,1.1545397
fin,1998,1.1940677
fin,1999,1.2176759
fin,2000,1.2450229
fin,2001,1.2348723
fin,2002,1.2116919
fin,2003,1.1912769
fin,2004,1.1686041
fin,2005,1.1790038
fin,2006,1.1739535
fin,2007,1.1842419
fin,2008,1.182866
fin,2009,1.1587416
fin,2010,1.221604
fin,2011,1.1856918
fin,2012,1.187687
fin,2013,1.2577271
fin,2014,1.3074648
fin,2015,1.3119603
fin,2016,1.3564035
fra,1980,0.96840924
fra,1981,0.94931781
fra,1982,0.93955958
fra,1983,0.9493252
fra,1984,0.95434749
fra,1985,0.93745047
fra,1986,0.94163483
fra,1987,1.0778494
fra,1988,1.0849224
fra,1989,1.1308441
fra,1990,1.15794
fra,1991,1.143961
fra,1992,1.1453419
fra,1993,1.1516142
fra,1994,1.1698155
fra,1995,1.1652647
fra,1996,1.2074202
fra,1997,1.1837857
fra,1998,1.2079598
fra,1999,1.2101303
fra,2000,1.2460771
fra,2001,1.2597798
fra,2002,1.2818173
fra,2003,1.3201799
fra,2004,1.2867818
fra,2005,1.3506153
fra,2006,1.3444868
fra,2007,1.3549283
fra,2008,1.3704472
fra,2009,1.4136074
fra,2010,1.3932703
fra,2011,1.3814069
fra,2012,1.3569046
fra,2013,1.4407445
fra,2014,1.4370521
fra,2015,1.4831409
fra,2016,1.5013667
gab,1991,2.0887356
gab,1992,1.8616984
gab,1993,1.9067914
gab,1994,2.5265906
gab,1995,2.6965296
gab,1996,3.6786244
gab,1997,3.4480045
gab,1998,2.3364022
gab,1999,3.7367892
gab,2000,6.4607019
gab,2001,3.2699509
gab,2002,3.496331
gab,2003,3.1366074
gab,2004,3.2924597
gab,2005,3.9260867
gab,2006,3.835407
gab,2007,4.2072911
gab,2008,3.760551
gab,2009,2.5770099
gab,2010,2.9073849
gab,2011,2.9887211
gab,2012,3.0317764
gab,2013,1.8638324
gab,2014,1.7417831
gab,2015,1.0059563
geo,2012,1.2614387
geo,2013,1.2324225
geo,2014,1.2679592
geo,2015,1.3391454
geo,2016,1.2668853
deu,1980,1.0653025
deu,1981,1.0737839
deu,1982,1.0637935
deu,1983,1.0487398
deu,1984,1.0519525
deu,1985,1.0098965
deu,1986,1.0162916
deu,1987,1.1481584
deu,1988,1.1007707
deu,1989,1.1530123
deu,1990,1.1454642
deu,1991,1.1636913
deu,1992,1.1525199
deu,1993,1.1574907
deu,1994,1.1999661
deu,1995,1.1936989
deu,1996,1.2071601
deu,1997,1.2034624
deu,1998,1.2290994
deu,1999,1.2386193
deu,2000,1.2462593
deu,2001,1.2238665
deu,2002,1.2783329
deu,2003,1.2936537
deu,2004,1.3018601
deu,2005,1.2962291
deu,2006,1.3032961
deu,2007,1.319746
deu,2008,1.2748575
deu,2009,1.2710941
deu,2010,1.2813351
deu,2011,1.2520727
deu,2012,1.263847
deu,2013,1.2621626
deu,2014,1.2644119
deu,2015,1.2828934
deu,2016,1.3536361
gha,2000,1.6164057
gha,2001,0.9911167
gha,2002,0.99053174
gha,2003,0.90541101
gha,2005,1.1063243
gha,2006,1.071349
gha,2007,1.0393498
gha,2008,1.0479673
gha,2009,1.0478843
gha,2010,1.0597671
gha,2011,1.0357045
gha,2012,1.0435382
gha,2013,1.0639325
gha,2014,1.0288655
gha,2015,1.0280038
gha,2016,1.1084853
gib,2002,0.58845198
gib,2003,1.1945115
gib,2004,1.2550131
gib,2005,5.2761011
gib,2006,2.5010288
gib,2007,2.9651823
gib,2008,2.7203493
gib,2009,2.2718072
gib,2010,2.1534009
gib,2011,2.4421096
gib,2012,5.6612577
gib,2013,5.2481461
gib,2014,4.8228803
gib,2015,1.0304779
gib,2016,2.3531144
grc,1985,1.0689392
grc,1986,1.1322125
grc,1987,1.1781189
grc,1988,1.2020993
grc,1989,1.2026596
grc,1990,1.2171584
grc,1991,1.1731982
grc,1992,1.2632053
grc,1993,1.2470613
grc,1994,1.3448372
grc,1995,1.3740551
grc,1996,1.3899522
grc,1997,1.4323068
grc,1998,1.4247651
grc,1999,1.4012525
grc,2000,1.3053799
grc,2001,1.3151795
grc,2002,1.3616699
grc,2003,1.3456351
grc,2004,1.3415638
grc,2005,1.348654
grc,2006,1.9698552
grc,2007,1.8194324
grc,2008,1.7347695
grc,2009,1.8317801
grc,2010,1.7617317
grc,2011,1.7265139
grc,2012,1.6774675
grc,2013,1.4206367
grc,2014,1.4809428
grc,2015,1.6558636
grc,2016,1.7988027
gtm,2005,1.0035725
gtm,2006,0.99468875
gtm,2007,0.96993238
gtm,2008,0.98571938
gtm,2009,1.0058208
gtm,2010,0.99510455
gtm,2011,1.0689561
gtm,2012,1.2460915
gtm,2013,4.3555698
gtm,2014,3.9952791
gtm,2015,3.8938694
gbg,2004,1.6412231
gbg,2005,1.4394432
gbg,2006,3.0513284
gbg,2007,2.7882288
gbg,2008,1.9141408
gbg,2009,1.7740054
gbg,2010,2.2658353
gbg,2011,2.1738417
gbg,2012,2.1253715
gbg,2013,2.8120711
gbg,2014,4.3313656
gbg,2015,4.573267
gbg,2016,3.4389768
guy,2007,1.6601142
guy,2008,1.6510469
guy,2009,1.6831455
guy,2010,1.7272716
hkg,1982,1.2564809
hkg,1983,1.1176788
hkg,1984,1.05423
hkg,1985,1.139734
hkg,1986,1.0874659
hkg,1987,1.1547766
hkg,1988,1.172392
hkg,1989,1.2327818
hkg,1990,1.1691194
hkg,1991,1.1578937
hkg,1992,1.1549418
hkg,1993,1.168736
hkg,1994,1.2387877
hkg,1995,1.2835552
hkg,1996,1.2186167
hkg,1997,1.2021424
hkg,1998,1.202574
hkg,1999,1.3303272
hkg,2000,1.6259208
hkg,2001,2.012202
hkg,2002,2.1215222
hkg,2003,2.1675129
hkg,2004,1.9374028
hkg,2005,1.6475927
hkg,2006,1.6540691
hkg,2007,1.4993982
hkg,2008,1.5787102
hkg,2009,1.608367
hkg,2010,1.521217
hkg,2011,1.3149352
hkg,2012,1.2628242
hkg,2013,1.7507005
hkg,2014,1.7606699
hkg,2015,1.7362204
hkg,2016,1.6469181
hun,1992,1.6005341
hun,1993,1.2099364
hun,1994,1.1891259
hun,1995,1.0701665
hun,1996,1.2010854
hun,1997,1.5908835
hun,1998,1.5047596
hun,1999,1.4871343
hun,2000,1.2440383
hun,2001,1.2158229
hun,2002,1.211272
hun,2003,1.1809303
hun,2004,1.2306176
hun,2005,1.2354505
hun,2006,1.2353213
hun,2007,1.1951188
hun,2008,1.1133391
hun,2009,1.1255008
hun,2010,1.1100734
hun,2011,1.081582
hun,2012,1.1238838
hun,2013,1.1410438
hun,2014,1.1345618
hun,2015,1.2259685
hun,2016,1.2757814
isl,2002,1.1702703
isl,2003,1.1049167
isl,2004,1.1294756
isl,2005,1.1973422
isl,2006,1.2396381
isl,2007,1.1677432
isl,2008,1.3736926
isl,2009,1.2091413
isl,2010,1.286235
isl,2011,1.3200926
isl,2012,1.3258896
isl,2013,1.8485372
isl,2014,1.8675878
isl,2015,1.947466
isl,2016,1.9428855
ind,1989,1.0656768
ind,1990,1.0528214
ind,1991,1.0890603
ind,1992,1.0975661
ind,1993,1.144671
ind,1994,1.0826523
ind,1995,1.1584526
ind,1996,1.1242737
ind,1997,1.1192859
ind,1998,1.1496757
ind,1999,1.1063708
ind,2000,1.1131799
ind,2001,1.1245664
ind,2002,1.1414797
ind,2003,1.1668742
ind,2004,1.1400061
ind,2005,1.1256942
ind,2006,1.0877248
ind,2007,1.1092553
ind,2008,1.1003315
ind,2009,1.0551842
ind,2010,1.0681733
ind,2011,1.0826223
ind,2012,1.0619574
ind,2013,1.0803375
ind,2014,1.2196255
ind,2015,1.1561246
ind,2016,1.3219916
idn,1989,1.3405856
idn,1990,1.3424562
idn,1991,1.264673
idn,1992,1.2666113
idn,1993,1.255125
idn,1994,1.2844068
idn,1995,1.3814394
idn,1996,1.5517044
idn,1997,1.6957266
idn,1998,1.690948
idn,1999,1.4827124
idn,2000,1.6417325
idn,2001,1.3840208
idn,2002,1.5344833
idn,2003,1.6387486
idn,2004,1.664916
idn,2005,1.6329075
idn,2006,1.5058966
idn,2007,1.6025001
idn,2008,1.3899401
idn,2009,1.447639
idn,2010,1.4241699
idn,2011,1.6401756
idn,2012,1.5315813
idn,2013,1.3944626
idn,2014,1.3964268
idn,2015,1.4300131
idn,2016,1.5027006
irl,1980,1.1574855
irl,1981,1.1442369
irl,1982,1.1057869
irl,1983,1.1048845
irl,1984,1.2097385
irl,1985,1.1897864
irl,1986,1.1678767
irl,1987,1.2064147
irl,1988,1.2251533
irl,1989,1.2097592
irl,1990,1.2046771
irl,1991,1.2460968
irl,1992,1.247888
irl,1993,1.2457244
irl,1994,1.266589
irl,1995,1.2866846
irl,1996,1.2991104
irl,1997,1.3186303
irl,1998,1.4409878
irl,1999,1.53212
irl,2000,1.6359042
irl,2001,1.3790914
irl,2002,1.4143
irl,2003,1.4496633
irl,2004,1.4412376
irl,2005,1.4444505
irl,2006,1.4069171
irl,2007,1.4332569
irl,2008,1.4689839
irl,2009,1.5257013
irl,2010,1.5075052
irl,2011,1.4297675
irl,2012,1.4581808
irl,2013,1.5043571
irl,2014,1.548062
irl,2015,1.676193
irl,2016,1.8183707
gbm,1999,0.92814976
gbm,2000,0.91442591
gbm,2001,0.87679553
gbm,2002,0.90114576
gbm,2003,1.533536
gbm,2004,2.3418796
gbm,2005,3.0052834
gbm,2006,2.323667
gbm,2007,1.5247015
gbm,2008,1.6334265
gbm,2009,1.6981674
gbm,2010,2.4754946
gbm,2011,1.6412319
gbm,2012,1.5525819
gbm,2013,1.7366276
gbm,2014,1.8165373
gbm,2015,2.0892096
gbm,2016,1.7180992
isr,1992,1.3887763
isr,1993,1.3839502
isr,1994,1.2944682
isr,1995,1.2922007
isr,1996,1.313254
isr,1997,1.3057102
isr,1998,1.3102914
isr,1999,1.4341985
isr,2000,1.3354331
isr,2001,1.6108735
isr,2002,1.5492893
isr,2003,1.5612929
isr,2004,1.5285714
isr,2005,1.4782151
isr,2006,1.4903543
isr,2007,1.4912908
isr,2008,1.4464192
isr,2009,1.5288959
isr,2010,1.610842
isr,2011,1.4755756
isr,2012,1.4594456
isr,2013,1.5758885
isr,2014,1.7053487
isr,2015,1.863287
isr,2016,2.0192685
ita,1980,0.99150419
ita,1981,1.1322395
ita,1982,1.0553243
ita,1983,1.0943918
ita,1984,1.0905468
ita,1985,1.1563547
ita,1986,1.1334621
ita,1987,1.2287085
ita,1988,1.1864549
ita,1989,1.1895198
ita,1990,1.1660252
ita,1991,1.2326437
ita,1992,1.3257055
ita,1993,1.6041185
ita,1994,1.6448414
ita,1995,1.7276672
ita,1996,1.8520799
ita,1997,1.7747345
ita,1998,1.9100703
ita,1999,2.3503163
ita,2000,2.3452566
ita,2001,2.4811904
ita,2002,2.5494246
ita,2003,2.3101082
ita,2004,2.2358954
ita,2005,2.1838923
ita,2006,2.1392486
ita,2007,2.1615117
ita,2008,2.0644147
ita,2009,2.1227028
ita,2010,2.0347517
ita,2011,1.9278475
ita,2012,1.841934
ita,2013,2.2827079
ita,2014,2.1804826
ita,2015,2.4597769
ita,2016,2.4554088
jam,2005,1.349708
jam,2006,1.2699442
jam,2007,2.8478932
jam,2008,2.7517622
jam,2009,1.2712061
jam,2010,1.2076423
jam,2011,1.2103705
jam,2012,1.1283591
jam,2013,1.352465
jam,2014,1.3479667
jam,2015,1.3383029
jam,2016,1.4179847
jpn,1980,1.0264043
jpn,1981,1.0197885
jpn,1982,1.0221535
jpn,1983,1.039517
jpn,1984,1.0393384
jpn,1985,1.0672933
jpn,1986,1.0631117
jpn,1987,1.0720593
jpn,1988,1.0870751
jpn,1989,1.1257733
jpn,1990,1.0981127
jpn,1991,1.1173847
jpn,1992,1.1249715
jpn,1993,1.1250463
jpn,1994,1.145758
jpn,1995,1.1504644
jpn,1996,1.1862165
jpn,1997,1.1999807
jpn,1998,1.2232234
jpn,1999,1.2355202
jpn,2000,1.2606733
jpn,2001,1.2282722
jpn,2002,1.2306781
jpn,2003,1.2706138
jpn,2004,1.3036569
jpn,2005,1.2803971
jpn,2006,1.270919
jpn,2007,1.2627498
jpn,2008,1.2512075
jpn,2009,1.2398392
jpn,2010,1.2721323
jpn,2011,1.2735223
jpn,2012,1.2539135
jpn,2013,1.2528006
jpn,2014,1.2634704
jpn,2015,1.3102242
jpn,2016,1.3260169
jey,1998,1.0689633
jey,1999,1.1394598
jey,2000,1.1140931
jey,2001,1.5181658
jey,2002,1.6089646
jey,2003,1.4060119
jey,2004,1.3631155
jey,2005,1.184019
jey,2006,1.1452936
jey,2007,2.1159086
jey,2008,1.5771816
jey,2009,1.4251151
jey,2010,1.339046
jey,2011,1.5045692
jey,2012,1.4377335
jey,2013,1.6112486
jey,2014,1.6344932
jey,2015,1.5075247
jey,2016,1.5706396
jor,1997,1.6626107
jor,1998,1.5812238
jor,1999,1.646824
jor,2000,1.7347313
jor,2001,1.6861795
jor,2002,1.2437375
jor,2003,1.2470622
jor,2004,1.2502773
jor,2005,1.4179013
jor,2006,1.1887984
jor,2007,1.1676681
jor,2008,1.2537796
jor,2009,1.1872747
jor,2010,1.105072
jor,2011,1.1170259
jor,2012,1.0676411
jor,2013,0.99126303
jor,2014,1.0205555
jor,2015,1.1448765
jor,2016,1.0831954
kaz,2005,2.02389
kaz,2006,1.829989
kaz,2007,1.9692127
kaz,2008,1.9100512
kaz,2009,3.1978774
kaz,2010,3.4661198
kaz,2011,3.2357597
kaz,2012,3.0902343
kaz,2013,3.0797417
kaz,2014,2.9529588
kaz,2015,2.0136104
kaz,2016,2.0590971
ken,2000,0.9986949
ken,2001,1.0375655
ken,2002,1.1535164
ken,2003,3.5995221
ken,2004,2.6265564
ken,2005,1.7396103
ken,2006,1.7109175
ken,2007,1.6708516
ken,2008,1.6336411
ken,2009,1.3268865
ken,2010,1.2965422
ken,2011,1.353667
ken,2012,1.2700021
ken,2013,1.4481978
ken,2014,1.3734486
ken,2015,1.451093
ken,2016,1.5412674
kwt,2003,2.353302
kwt,2004,1.887482
kwt,2005,2.1935768
kwt,2006,2.1742158
kwt,2007,1.8190864
kwt,2008,1.746482
kwt,2009,1.6897892
kwt,2010,1.7510778
kwt,2011,1.5237602
kwt,2012,1.5044829
kwt,2013,1.4812089
kwt,2014,1.4749821
kwt,2015,1.5157493
kwt,2016,1.5184295
lva,2005,1.4902029
lva,2006,1.3184291
lva,2007,1.8275297
lva,2008,1.6284782
lva,2009,1.0624028
lva,2010,1.1456283
lva,2011,1.0599668
lva,2012,1.0210686
lva,2013,1.2093633
lva,2014,1.3081821
lva,2015,1.3883568
lva,2016,1.5037122
lbn,2005,1.5086062
lbn,2006,1.8596832
lbn,2007,1.8638717
lbn,2008,2.2336535
lbn,2009,1.9729137
lbn,2010,2.2298031
lbn,2011,2.41487
lbn,2012,1.4111893
lbn,2013,1.9258225
lbn,2014,2.2795992
lbn,2015,1.5205407
lie,1986,1.5456719
lie,1987,1.5322467
lie,1988,1.5663662
lie,1989,2.059675
lie,1990,1.9208236
lie,1991,2.1049504
lie,1992,2.1972115
lie,1993,1.2113278
lie,1994,1.2611642
lie,1995,1.1948963
lie,1996,1.2018009
lie,1997,1.2262456
lie,1998,1.3253037
lie,1999,1.3399481
lie,2000,1.3459316
lie,2001,1.2324512
lie,2002,1.1992071
ltu,2002,4.9723163
ltu,2003,5.8001819
ltu,2004,3.7505877
ltu,2005,1.4790245
ltu,2006,1.4889805
ltu,2007,1.4702117
ltu,2008,1.2855335
ltu,2009,1.3408344
ltu,2010,1.3192458
ltu,2011,1.1961155
ltu,2012,1.1911335
ltu,2013,1.1672438
ltu,2014,1.23928
ltu,2015,1.302512
ltu,2016,1.3918399
lux,1988,0.97386324
lux,1989,1.0469066
lux,1990,1.0006407
lux,1991,1.2676365
lux,1992,1.398499
lux,1993,1.8856413
lux,1994,1.8377949
lux,1995,1.7882922
lux,1996,1.6537075
lux,1997,1.3628
lux,1998,1.3368843
lux,1999,1.4389392
lux,2000,1.4503794
lux,2001,1.1180689
lux,2002,1.146413
lux,2003,1.1389123
lux,2004,1.2010851
lux,2005,1.2110233
lux,2006,1.1649302
lux,2007,1.1917444
lux,2008,1.1388625
lux,2009,1.2190193
lux,2010,1.1437868
lux,2011,1.1965216
lux,2012,1.25472
lux,2013,1.2771894
lux,2014,1.3343796
lux,2015,1.2704133
lux,2016,1.3436031
mac,2000,1.5521059
mac,2001,1.227051
mac,2002,1.1767887
mac,2003,1.1457208
mac,2004,1.0891296
mac,2005,1.0762784
mac,2006,3.653615
mac,2007,3.4098995
mac,2008,3.2234294
mac,2009,2.833132
mac,2010,4.0580378
mac,2011,4.9022574
mac,2012,2.3934996
mac,2013,1.2272005
mac,2014,1.2141681
mac,2015,1.174071
mac,2016,1.1657785
mac,2005,3.0156324
mac,2006,2.8908942
mac,2007,2.9341054
mac,2008,2.8152986
mac,2009,1.3457336
mac,2010,3.095799
mac,2011,2.5695086
mac,2012,1.6981844
mac,2013,1.535464
mac,2014,1.5007762
mac,2015,2.8803654
mac,2016,1.4487995
mwi,2005,1.4670744
mwi,2006,1.7357256
mwi,2007,1.7475692
mwi,2008,1.4008648
mwi,2009,1.4180053
mwi,2010,1.7349135
mwi,2011,1.5847183
mwi,2012,1.7517282
mwi,2013,2.128109
mwi,2014,1.8600076
mwi,2015,1.7907664
mwi,2016,1.811868
mys,1980,1.3006675
mys,1981,1.1441903
mys,1982,1.0663399
mys,1983,1.0441099
mys,1984,1.0727179
mys,1985,1.0322601
mys,1986,1.03142
mys,1987,0.97355676
mys,1988,1.2779945
mys,1989,1.2548956
mys,1990,1.1263273
mys,1991,1.0981846
mys,1992,1.1405369
mys,1993,1.1612369
mys,1994,1.1698443
mys,1995,1.1259438
mys,1996,1.0881221
mys,1997,1.0984875
mys,1998,1.1227778
mys,1999,1.1661044
mys,2000,1.2921612
mys,2001,1.3033907
mys,2002,1.2818105
mys,2003,1.4814556
mys,2004,1.4296688
mys,2005,1.4357166
mys,2006,1.4744684
mys,2007,1.4257931
mys,2008,1.3985919
mys,2009,1.3376606
mys,2010,1.3824553
mys,2011,1.3857282
mys,2012,1.3466953
mys,2013,1.3355525
mys,2014,1.3822899
mys,2015,1.3866072
mys,2016,1.3339521
mlt,1999,2.3041179
mlt,2000,1.052824
mlt,2001,0.91056627
mlt,2002,0.92880166
mlt,2003,0.90451747
mlt,2004,0.89731044
mlt,2005,1.7204423
mlt,2006,1.9550534
mlt,2007,1.9238272
mlt,2008,3.2938831
mlt,2009,1.8253509
mlt,2010,1.8136669
mlt,2011,3.3711245
mlt,2012,3.1135731
mlt,2013,3.0538998
mlt,2014,2.2464375
mlt,2015,2.0645001
mlt,2016,2.0233948
mhl,2005,1.1006287
mhl,2006,1.0295491
mhl,2007,0.99202651
mhl,2008,2.4353528
mhl,2009,2.87814
mhl,2010,3.0235555
mhl,2011,2.806474
mhl,2012,2.7692697
mhl,2013,2.570395
mhl,2014,2.3744113
mhl,2015,2.7678025
mhl,2016,3.0697615
mus,2005,1.2728341
mus,2006,1.2109073
mus,2007,1.3321832
mus,2008,1.2149425
mus,2009,1.1945595
mus,2010,1.1765085
mus,2011,1.508745
mus,2012,1.5106499
mus,2013,1.572583
mus,2014,1.3779752
mus,2015,1.4629309
mus,2016,1.8014033
mex,1980,1.3788142
mex,1981,1.4147598
mex,1982,1.3490771
mex,1983,1.4110932
mex,1984,1.5273771
mex,1985,1.4899496
mex,1986,1.4184483
mex,1987,1.3945615
mex,1988,1.3903652
mex,1989,1.3632233
mex,1990,1.4048746
mex,1991,1.3882099
mex,1992,1.4054772
mex,1993,1.4031477
mex,1994,1.5156405
mex,1995,1.7382859
mex,1996,1.6635284
mex,1997,1.6112608
mex,1998,1.6894053
mex,1999,1.8099082
mex,2000,1.690226
mex,2001,1.6939211
mex,2002,1.7255783
mex,2003,1.6554307
mex,2004,1.7348027
mex,2005,1.8344386
mex,2006,1.8685629
mex,2007,1.8163618
mex,2008,1.6086349
mex,2009,1.5814916
mex,2010,1.5122182
mex,2011,1.4856833
mex,2012,1.5765996
mex,2013,1.7556739
mex,2014,1.7205999
mex,2015,1.6849356
mex,2016,1.5529778
mco,1987,1.0291542
mco,1988,1.0811547
mco,1989,1.0945122
mco,1990,1.1129037
mco,1991,1.1182978
mco,1992,1.0576454
mco,1993,1.0746453
mco,1994,1.0343075
mco,1995,1.0125694
mco,1996,0.9467954
mco,1997,0.9425959
mco,1998,1.0685959
mco,1999,1.0751311
mco,2000,0.98742253
mco,2001,0.95950282
mco,2002,1.1506344
mco,2003,1.0819111
mco,2004,1.1250257
mco,2005,1.155879
mco,2006,1.1903787
mco,2007,1.1137903
mco,2008,1.4591936
mco,2009,1.3978655
mco,2010,1.4906621
mco,2011,1.3284465
mco,2012,1.0629648
mco,2013,1.1575032
mco,2014,1.5851024
mco,2015,1.7276884
mco,2016,1.7570022
mng,2009,1.4455802
mng,2010,1.3886375
mng,2011,1.3852054
mng,2012,1.0055922
mng,2013,1.2150096
mng,2014,0.95329696
mng,2015,0.74863243
mng,2016,1.2295014
mne,2005,2.1573997
mne,2006,2.0537508
mne,2007,1.8663062
mne,2008,1.4414614
mne,2009,1.7030715
mne,2010,1.9387102
mne,2011,1.5140495
mne,2012,1.6620498
mne,2013,2.3920152
mne,2014,2.5810766
mne,2015,2.2646077
mne,2016,2.5351288
mar,1997,1.1043992
mar,1998,1.2167108
mar,1999,1.0712622
mar,2000,1.0902493
mar,2001,1.0674872
mar,2002,1.6384262
mar,2003,1.6909634
mar,2004,1.6065521
mar,2005,1.5282885
mar,2006,1.6036936
mar,2007,1.7147787
mar,2008,1.6069059
mar,2009,1.6507751
mar,2010,1.7981458
mar,2011,1.3281792
mar,2012,1.2885219
mar,2013,1.7239791
mar,2014,1.6742717
mar,2015,1.897945
mar,2016,1.9311661
mmr,2016,1.6577598
nam,2005,1.5875027
nam,2006,1.818123
nam,2007,1.6708909
nam,2008,1.5029566
nam,2009,1.420434
nam,2010,1.48526
nam,2011,1.6319799
nam,2012,1.5184666
nam,2013,1.4751474
nam,2014,1.9393805
nam,2015,2.2599444
nam,2016,3.2688644
nld,1980,1.0538882
nld,1981,1.0466957
nld,1982,1.1210423
nld,1983,1.1587844
nld,1984,1.1479634
nld,1985,1.1565567
nld,1986,1.1889458
nld,1987,1.2081831
nld,1988,1.2257737
nld,1989,1.2422711
nld,1990,1.2461523
nld,1991,1.2373149
nld,1992,1.2525153
nld,1993,1.1381848
nld,1994,1.225337
nld,1995,1.2409251
nld,1996,1.2262403
nld,1997,1.2326992
nld,1998,1.2618661
nld,1999,1.2838508
nld,2000,1.2593789
nld,2001,1.277532
nld,2002,1.2441268
nld,2003,1.2533302
nld,2004,1.2399327
nld,2005,1.2742505
nld,2006,1.2577244
nld,2007,1.2554578
nld,2008,1.1849635
nld,2009,1.2336898
nld,2010,1.2238222
nld,2011,1.1947758
nld,2012,1.2152199
nld,2013,1.2601099
nld,2014,1.4050494
nld,2015,1.4834204
nld,2016,1.5233282
nzl,1980,0.97937769
nzl,1981,0.99516344
nzl,1982,1.007211
nzl,1983,1.0437546
nzl,1984,0.9928965
nzl,1985,1.0112251
nzl,1986,1.00258
nzl,1987,0.99988186
nzl,1988,0.9333396
nzl,1989,0.96122664
nzl,1990,1.0098294
nzl,1991,1.2820984
nzl,1992,1.5264971
nzl,1993,1.6110364
nzl,1994,1.1754553
nzl,1995,1.2174577
nzl,1996,1.1813265
nzl,1997,1.2338316
nzl,1998,1.2637658
nzl,1999,1.1804289
nzl,2000,1.3050022
nzl,2001,1.259742
nzl,2002,1.3032101
nzl,2003,1.4636034
nzl,2004,1.3699741
nzl,2005,1.50089
nzl,2006,1.5193253
nzl,2007,1.6015085
nzl,2008,1.2556101
nzl,2009,1.2458886
nzl,2010,1.2814199
nzl,2011,1.2663293
nzl,2012,1.2171211
nzl,2013,1.2722933
nzl,2014,1.2728803
nzl,2015,1.3010801
nzl,2016,1.3469278
nga,2002,4.2512097
nga,2003,1.1745548
nga,2004,1.3765117
nga,2005,1.3548607
nga,2006,1.2105892
nga,2007,1.2379388
nga,2008,1.2225604
nga,2009,1.3120939
nga,2010,1.3549669
nga,2011,1.3330255
nga,2012,1.393012
nga,2013,1.4716164
nga,2014,1.4965911
nga,2015,1.562253
nga,2016,1.3719124
nor,1980,0.86317563
nor,1981,1.0297178
nor,1982,1.0072949
nor,1983,1.0464038
nor,1984,0.99961483
nor,1985,1.0484014
nor,1986,0.94509888
nor,1987,1.4671965
nor,1988,1.2810491
nor,1989,1.5248735
nor,1990,1.5759118
nor,1991,1.4355201
nor,1992,1.3495204
nor,1993,1.35438
nor,1994,1.3826267
nor,1995,1.3433183
nor,1996,1.3803509
nor,1997,1.3592569
nor,1998,1.3275329
nor,1999,1.2493203
nor,2000,1.3326876
nor,2001,1.2928996
nor,2002,1.270769
nor,2003,1.2782294
nor,2004,1.3016152
nor,2005,1.4145004
nor,2006,1.4774165
nor,2007,1.5283077
nor,2008,1.4766897
nor,2009,1.5166614
nor,2010,1.4608126
nor,2011,1.4847338
nor,2012,1.5458999
nor,2013,1.6984007
nor,2014,1.680105
nor,2015,1.6812181
nor,2016,1.6002796
omn,2004,1.2093666
omn,2005,2.448348
omn,2006,2.0894215
omn,2007,1.8972218
omn,2008,1.850407
omn,2009,1.9502361
omn,2010,2.0170074
omn,2011,1.8907678
omn,2012,1.6686541
omn,2013,1.8441409
omn,2014,1.9101257
omn,2015,1.9070643
omn,2016,1.7149813
pak,1988,1.1724817
pak,1989,1.0404189
pak,1990,1.0641793
pak,1991,0.99000311
pak,1992,1.0672437
pak,1993,1.0747987
pak,1994,1.1010513
pak,1995,1.085263
pak,1996,1.1345748
pak,1997,1.2254694
pak,1998,1.2600111
pak,1999,1.4107022
pak,2000,1.1709727
pak,2001,1.1787324
pak,2002,1.2102691
pak,2003,1.3014154
pak,2004,1.3506871
pak,2005,1.294162
pak,2006,1.2117082
pak,2007,1.1674528
pak,2008,1.2355542
pak,2009,1.1166767
pak,2010,1.2053101
pak,2011,1.1177158
pak,2012,1.105986
pak,2013,1.1268157
pak,2014,1.1377219
pak,2015,1.1458682
pak,2016,1.1698604
pse,2005,3.1712909
pse,2006,2.5199544
pse,2007,2.3666816
pse,2008,4.336729
pse,2009,4.3132224
pse,2010,1.7606766
pse,2011,1.8964219
pse,2012,1.844503
pse,2013,3.7817807
pse,2014,3.983413
pse,2015,3.9606538
pse,2016,4.0435095
pan,2005,1.536652
pan,2006,1.5763679
pan,2007,2.2101469
pan,2008,1.6389648
pan,2009,1.8255374
pan,2010,1.5417436
pan,2011,1.4174238
pan,2012,2.4355953
pan,2013,2.3431981
pan,2014,2.3560407
pan,2015,2.5451801
pan,2016,2.8130832
png,1981,1.0169426
png,1982,1.0087631
png,1983,1.1384057
png,1984,0.95078874
png,1985,1.0370803
png,1986,1.1756117
png,1987,1.4339528
png,1988,1.5387223
png,1989,1.108134
png,1992,1.9988523
png,1993,3.1072011
png,1994,3.1430724
png,1995,3.5535316
png,1996,3.3555198
png,1997,1.9439133
png,1998,1.9693657
png,1999,2.7870398
png,2000,2.2094915
png,2001,2.5965345
png,2002,2.5739803
png,2003,2.6442237
png,2004,4.4121447
png,2005,5.6256628
png,2006,5.6899505
png,2007,5.5239882
png,2008,6.8017263
png,2009,2.2475057
png,2010,2.7323573
png,2011,3.919127
png,2012,1.5353465
png,2013,2.0159488
png,2014,3.0624907
png,2015,3.2026339
png,2016,2.6618893
pry,2005,1.1698424
pry,2006,1.2196231
pry,2007,1.1712716
pry,2008,1.188342
pry,2009,1.2027005
pry,2010,1.1692334
pry,2011,1.1265334
pry,2012,1.2073298
pry,2013,1.2166773
pry,2014,1.2120104
pry,2015,1.2865547
pry,2016,1.2121947
per,1987,1.6754979
per,1988,1.6537036
per,1989,2.2011228
per,1990,1.8267924
per,1991,1.3960053
per,1992,1.4345113
per,1993,1.4298728
per,1994,1.6385216
per,1995,1.9777076
per,1996,1.4544811
per,1997,2.8858533
per,1998,3.8998232
per,1999,1.9635903
per,2000,3.0915534
per,2001,2.2407715
per,2002,2.3341146
per,2003,2.2079842
per,2004,1.8731782
per,2005,1.7340956
per,2006,1.9390256
per,2007,1.8385619
per,2008,1.5692772
per,2009,1.6256838
per,2010,1.8315573
per,2011,1.6560098
per,2012,1.5301898
per,2013,1.69069
per,2014,1.6007025
per,2015,1.5713332
per,2016,1.6424026
phl,1988,2.0953894
phl,1989,1.8648314
phl,1990,1.7579862
phl,1991,1.3633124
phl,1992,1.2490908
phl,1993,1.3304139
phl,1994,1.2237834
phl,1995,1.4126571
phl,1996,1.6003813
phl,1997,1.3887023
phl,1998,1.4352881
phl,1999,1.3539267
phl,2000,1.4288778
phl,2001,1.4637673
phl,2002,1.5628331
phl,2003,1.5081969
phl,2004,1.7303145
phl,2005,1.7341771
phl,2006,1.5896242
phl,2007,1.7929562
phl,2008,1.7668073
phl,2009,1.6089374
phl,2010,1.4996895
phl,2011,1.4249597
phl,2012,1.3336391
phl,2013,1.3709962
phl,2014,1.3495283
phl,2015,1.4604653
phl,2016,1.4975445
pol,1992,1.2034861
pol,1993,1.1336854
pol,1994,1.2813939
pol,1995,1.2065215
pol,1996,1.1620238
pol,1997,1.1691487
pol,1998,1.2870073
pol,1999,1.2683009
pol,2000,1.2859445
pol,2001,1.2111113
pol,2002,1.2449243
pol,2003,1.2567885
pol,2004,1.2654171
pol,2005,1.1927878
pol,2006,1.1518764
pol,2007,1.1366287
pol,2008,1.1037745
pol,2009,1.1841691
pol,2010,1.0889537
pol,2011,1.0481935
pol,2012,1.0405047
pol,2013,1.1274776
pol,2014,1.0955994
pol,2015,1.3949221
pol,2016,1.3710041
prt,1985,1.2410101
prt,1986,1.3052419
prt,1987,1.2888891
prt,1988,1.2390779
prt,1989,1.1979116
prt,1990,1.1447128
prt,1991,1.0142072
prt,1992,0.97448146
prt,1993,0.95873225
prt,1994,1.5584195
prt,1995,1.465397
prt,1996,1.508831
prt,1997,1.4268062
prt,1998,1.3929743
prt,1999,1.2944254
prt,2000,1.1291709
prt,2001,1.0789015
prt,2002,1.0738302
prt,2003,1.0761579
prt,2004,1.1024399
prt,2005,1.1823024
prt,2006,1.1958592
prt,2007,1.1639951
prt,2008,1.1205025
prt,2009,1.1500393
prt,2010,1.123878
prt,2011,1.0773512
prt,2012,1.053835
prt,2013,1.2416555
prt,2014,1.0789802
prt,2015,1.0904803
prt,2016,1.1865612
pri,1998,1.4246012
pri,1999,1.2940041
pri,2000,1.0735714
pri,2001,1.1403184
pri,2002,1.3101916
pri,2003,1.2378772
pri,2004,1.2539802
pri,2005,1.2503915
pri,2006,1.4261454
pri,2007,1.4332063
pri,2008,1.2950989
pri,2009,1.5810072
pri,2010,1.6436806
pri,2011,1.7673345
pri,2012,1.871127
pri,2013,1.8908929
pri,2014,1.9893682
pri,2015,1.9431869
pri,2016,1.9367123
qat,2003,1.9373916
qat,2004,1.8779371
qat,2005,2.2306807
qat,2006,1.4010129
qat,2007,1.9965066
qat,2008,1.8632175
qat,2009,2.2044165
qat,2010,3.2911277
qat,2011,3.22454
qat,2012,1.9221656
qat,2013,1.8708192
qat,2014,1.9607515
qat,2015,1.912398
qat,2016,1.6865652
rou,2005,1.5714494
rou,2006,1.4796052
rou,2007,1.3107054
rou,2008,1.2694278
rou,2009,1.3253402
rou,2010,1.5186882
rou,2011,1.5678892
rou,2012,1.4714391
rou,2013,2.0039725
rou,2014,2.9442909
rou,2015,1.905979
rou,2016,2.3140717
rus,1995,1.0600034
rus,1996,1.1136265
rus,1997,1.5741611
rus,1998,1.6910194
rus,1999,2.2840405
rus,2000,3.3553369
rus,2001,2.4633758
rus,2002,2.1999848
rus,2003,2.089617
rus,2004,2.0863919
rus,2005,2.0447018
rus,2006,2.1712947
rus,2007,1.9728023
rus,2008,1.9779314
rus,2009,1.8422495
rus,2010,1.8800417
rus,2011,1.6897329
rus,2012,1.8170928
rus,2013,3.227694
rus,2014,2.5979211
rus,2015,2.7643826
rus,2016,2.8097975
sau,2002,1.6975553
sau,2003,1.6087589
sau,2004,1.6576148
sau,2005,1.9324985
sau,2006,1.7825689
sau,2007,1.6536832
sau,2008,1.660915
sau,2009,1.5254343
sau,2010,1.3542105
sau,2011,1.3575858
sau,2012,1.3371894
sau,2013,1.3653721
sau,2014,1.3759526
sau,2015,1.4810836
sau,2016,1.5074793
sen,2005,4.6888094
sen,2006,4.9359794
sen,2007,5.18608
sen,2008,4.8428788
sen,2009,4.9242554
sen,2010,4.8453841
sen,2011,4.9655471
sen,2012,4.8644104
sen,2013,1.8793272
sen,2014,1.8334551
sen,2015,1.774146
sen,2016,1.5898308
srb,2005,1.2460668
srb,2006,1.2001259
srb,2007,1.2229182
srb,2008,1.1711209
srb,2009,1.278932
srb,2010,1.2645607
srb,2011,1.2854515
srb,2012,1.4314983
srb,2013,1.5510187
srb,2014,1.4774265
srb,2015,1.5043257
srb,2016,1.5841604
sle,2005,2.4625001
sle,2006,1.2591313
sle,2007,0.80351728
sle,2008,0.60601592
sle,2009,1.0201826
sle,2010,0.92122483
sle,2011,0.97059643
sle,2012,2.2692451
sle,2013,1.3479221
sle,2014,1.0969368
sle,2015,1.1299586
sgp,1980,1.4992583
sgp,1981,1.2065017
sgp,1982,1.0613681
sgp,1983,1.1819496
sgp,1984,1.2766209
sgp,1985,0.98165733
sgp,1986,1.0498717
sgp,1987,1.0223125
sgp,1988,1.0714468
sgp,1989,1.1133307
sgp,1990,1.1449695
sgp,1991,1.1625986
sgp,1992,1.1664255
sgp,1993,1.2073617
sgp,1994,1.1743923
sgp,1995,1.1686361
sgp,1996,1.155267
sgp,1997,1.1223869
sgp,1998,1.0722775
sgp,1999,1.1208192
sgp,2000,1.3169074
sgp,2001,1.4011934
sgp,2002,1.4878517
sgp,2003,1.3528413
sgp,2004,1.3425134
sgp,2005,1.2310454
sgp,2006,1.2408996
sgp,2007,1.215598
sgp,2008,1.1947917
sgp,2009,1.2061405
sgp,2010,1.3267372
sgp,2011,1.3304926
sgp,2012,1.2596825
sgp,2013,1.2637302
sgp,2014,1.2781634
sgp,2015,1.3174906
sgp,2016,1.3154168
svk,1996,1.221895
svk,1997,1.1021683
svk,1998,1.0467782
svk,1999,1.0995953
svk,2000,1.1665192
svk,2001,1.1396708
svk,2002,1.0949824
svk,2003,1.009048
svk,2004,1.0771794
svk,2005,1.0042787
svk,2006,0.94127339
svk,2007,1.0367562
svk,2008,0.99126804
svk,2009,0.85470957
svk,2010,0.89163715
svk,2011,0.88697737
svk,2012,0.93597233
svk,2013,0.97600675
svk,2014,1.01598
svk,2015,1.1276441
svk,2016,1.2146139
svn,2000,1.0983243
svn,2001,1.3632181
svn,2002,1.1510715
svn,2003,1.2389388
svn,2004,1.2574506
svn,2005,1.2688227
svn,2006,1.6253613
svn,2007,1.6607984
svn,2008,1.1745501
svn,2009,1.0828127
svn,2010,1.2697688
svn,2011,1.1980755
svn,2012,1.1101215
svn,2013,1.1102438
svn,2014,1.1222112
svn,2015,1.1815957
svn,2016,1.129513
yem_south,1982,1.2821947
yem_south,1983,1.0701857
yem_south,1984,1.1421816
yem_south,1985,0.99715793
yem_south,1986,1.0773832
yem_south,1987,1.1236126
yem_south,1988,1.0811698
yem_south,1989,1.0826
yem_south,1990,1.0699247
yem_south,1991,1.0417191
yem_south,1992,1.0082041
yem_south,1993,1.0048413
yem_south,1994,1.0013059
yem_south,1995,1.0151522
yem_south,1996,1.0000842
yem_south,1997,1.0240684
yem_south,1998,1.0143826
yem_south,1999,1.0200744
yem_south,2000,1.1121479
yem_south,2001,1.1999007
yem_south,2002,1.2286962
yem_south,2003,1.3475367
yem_south,2004,1.4098859
yem_south,2005,1.431818
yem_south,2006,1.516663
yem_south,2007,1.3440846
yem_south,2008,1.3980768
yem_south,2009,1.2986751
yem_south,2010,1.3682032
yem_south,2011,1.4176106
yem_south,2012,1.3202333
yem_south,2013,1.338089
yem_south,2014,1.4437921
yem_south,2015,1.3262649
yem_south,2016,1.3440737
yem_south,1980,0.76384872
yem_south,1981,0.7573964
yem_south,1982,0.76970088
yem_south,1983,0.81004995
yem_south,1984,0.84928107
yem_south,1985,1.0547804
yem_south,1986,1.0394995
yem_south,1987,0.95785731
yem_south,1988,1.0047609
yem_south,1989,1.1045653
yem_south,1990,1.0680749
yem_south,1991,1.0322556
yem_south,1992,1.0557258
yem_south,1993,1.0389792
yem_south,1994,1.0605445
yem_south,1995,1.1330166
yem_south,1996,1.0985197
yem_south,1997,1.1215129
yem_south,1998,1.0970038
yem_south,1999,1.1233865
yem_south,2000,1.2069371
yem_south,2001,1.1506844
yem_south,2002,1.3877345
yem_south,2003,1.214944
yem_south,2004,1.3462121
yem_south,2005,1.2181042
yem_south,2006,1.282806
yem_south,2007,1.2472649
yem_south,2008,1.1806008
yem_south,2009,1.1337543
yem_south,2010,1.1543548
yem_south,2011,1.0795398
yem_south,2012,1.0846671
yem_south,2013,1.1166416
yem_south,2014,1.3773532
yem_south,2015,1.4598217
yem_south,2016,1.4849899
esp,1980,1.0177273
esp,1981,0.98994964
esp,1982,0.98284084
esp,1983,1.0219635
esp,1984,0.99258685
esp,1985,0.98835838
esp,1986,1.0583394
esp,1987,1.2393525
esp,1988,1.2436612
esp,1989,1.1804003
esp,1990,1.3609037
esp,1991,1.3483706
esp,1992,1.288113
esp,1993,1.2834644
esp,1994,1.3139451
esp,1995,1.3259495
esp,1996,1.3183748
esp,1997,1.3193401
esp,1998,1.3904579
esp,1999,1.2697986
esp,2000,1.2336272
esp,2001,1.2269572
esp,2002,1.2076018
esp,2003,1.2201076
esp,2004,1.2223809
esp,2005,1.3966043
esp,2006,1.3508911
esp,2007,1.3823445
esp,2008,1.2840545
esp,2009,1.2974952
esp,2010,1.1966529
esp,2011,1.1493021
esp,2012,1.2340957
esp,2013,1.2942785
esp,2014,1.2813883
esp,2015,1.27008
esp,2016,1.3435318
lka,1993,1.0486165
lka,1994,1.117607
lka,1995,1.0929608
lka,1996,1.007628
lka,1997,1.0541804
lka,1998,1.0877675
lka,1999,1.1343178
lka,2000,1.429159
lka,2001,1.3847659
lka,2002,1.4029434
lka,2003,1.3951057
lka,2004,1.631704
lka,2005,1.354955
lka,2006,1.3495756
lka,2007,1.3254278
lka,2008,1.2862948
lka,2009,1.2466799
lka,2010,1.3413856
lka,2011,1.3970131
lka,2012,1.3285512
lka,2013,1.3360311
lka,2014,1.3266548
lka,2015,1.3425071
lka,2016,1.4128851
sdn,2005,5.0268188
sdn,2006,3.2989514
sdn,2007,1.7260072
sdn,2008,1.5476379
sdn,2009,1.2636732
sdn,2010,1.1684986
sdn,2011,1.2092249
sdn,2012,1.8454936
sdn,2013,1.618012
sdn,2014,1.549596
sdn,2015,1.5628309
sdn,2016,1.5293509
swz,2005,2.4939754
swz,2006,2.2496536
swz,2007,1.3963567
swz,2008,1.4201732
swz,2009,1.451282
swz,2010,1.3724109
swz,2011,2.6332734
swz,2012,2.3057671
swz,2013,2.3569436
swe,1980,0.80839622
swe,1981,0.81770313
swe,1982,0.85437721
swe,1983,0.87973398
swe,1984,0.88624769
swe,1985,0.88445866
swe,1986,0.91214854
swe,1987,0.98864114
swe,1988,1.0435414
swe,1989,1.0590318
swe,1990,1.0754682
swe,1991,1.1007445
swe,1992,1.1408226
swe,1993,1.1907336
swe,1994,1.2650962
swe,1995,1.1166058
swe,1996,1.1020368
swe,1997,1.2465712
swe,1998,1.5218873
swe,1999,1.2897166
swe,2000,1.2657208
swe,2001,1.1943398
swe,2002,1.3024402
swe,2003,1.3039222
swe,2004,1.3078247
swe,2005,1.2559745
swe,2006,1.2697579
swe,2007,1.2604597
swe,2008,1.2429277
swe,2009,1.2400465
swe,2010,1.3137976
swe,2011,1.2671412
swe,2012,1.2666652
swe,2013,1.2862754
swe,2014,1.2921674
swe,2015,1.2821308
swe,2016,1.3113451
che,1980,1.0865742
che,1981,1.1031561
che,1982,1.1077671
che,1983,1.120167
che,1984,1.1351604
che,1985,1.1238176
che,1986,1.0859357
che,1987,1.3613436
che,1988,1.3037453
che,1989,1.3552696
che,1990,1.3640345
che,1991,1.4696217
che,1992,1.5456866
che,1993,1.7255114
che,1994,1.7216593
che,1995,1.6858221
che,1996,1.6926601
che,1997,1.7340937
che,1998,1.7910404
che,1999,1.8538501
che,2000,1.863786
che,2001,1.9788039
che,2002,2.0616534
che,2003,2.0534251
che,2004,2.1066194
che,2005,2.0614231
che,2006,2.1200113
che,2007,2.0142195
che,2008,1.8519465
che,2009,1.926668
che,2010,1.8959702
che,2011,1.8236865
che,2012,1.8297158
che,2013,1.9532019
che,2014,1.981251
che,2015,2.9549739
che,2016,2.7177191
twn,1988,1.3538367
twn,1989,1.4312268
twn,1990,1.3492131
twn,1991,1.2591172
twn,1992,1.2763069
twn,1993,1.2364136
twn,1994,1.2734804
twn,1995,1.2804999
twn,1996,1.2065153
twn,1997,1.1884454
twn,1998,1.1939886
twn,1999,1.3080217
twn,2000,1.4224931
twn,2001,1.2767391
twn,2002,1.2467493
twn,2003,1.2198108
twn,2004,1.220404
twn,2005,1.1558456
twn,2006,1.1545833
twn,2007,1.122615
twn,2008,1.0838013
twn,2009,1.1002603
twn,2010,1.1025231
twn,2011,1.0738153
twn,2012,1.092783
twn,2013,1.1836261
twn,2014,1.2068175
twn,2015,1.2268893
twn,2016,1.2385912
tza,2005,1.5564564
tza,2006,1.6181337
tza,2007,1.7070844
tza,2008,1.6683016
tza,2009,1.9854922
tza,2010,2.0342629
tza,2011,2.027107
tza,2012,2.5955219
tza,2013,2.3948448
tza,2014,2.3749852
tza,2015,2.6050856
tza,2016,3.3238668
tha,1987,1.2670417
tha,1988,1.1376408
tha,1989,1.4213942
tha,1990,1.3370752
tha,1991,1.2973689
tha,1992,1.3427033
tha,1993,1.309498
tha,1994,1.4039406
tha,1995,1.5189705
tha,1996,1.5943394
tha,1997,1.6353896
tha,1998,1.4867419
tha,1999,1.504968
tha,2000,1.3450313
tha,2001,1.2369514
tha,2002,1.4256219
tha,2003,1.333811
tha,2004,1.31838
tha,2005,1.488703
tha,2006,1.4777826
tha,2007,1.3802969
tha,2008,1.3612306
tha,2009,1.3574362
tha,2010,1.3312461
tha,2011,1.2260581
tha,2012,1.2709738
tha,2013,1.2923909
tha,2014,1.2983799
tha,2015,1.4429667
tha,2016,1.4372584
tto,2005,1.0585541
tto,2006,1.1352772
tto,2007,1.2872525
tto,2008,1.2465302
tto,2009,1.1691689
tto,2010,1.3200332
tto,2011,1.284189
tto,2012,1.3980782
tto,2013,1.4106054
tto,2014,1.4311061
tto,2015,1.4561405
tto,2016,1.4689584
tun,2003,2.0653801
tun,2004,1.9877992
tun,2005,1.4468235
tun,2006,1.3975031
tun,2007,1.3970382
tun,2008,1.3022478
tun,2009,1.3486261
tun,2010,1.3522553
tun,2011,1.2473812
tun,2012,1.2617929
tun,2013,1.2181891
tun,2014,1.2256726
tun,2015,1.2170175
tun,2016,1.174955
tur,1987,1.4135804
tur,1988,1.1899083
tur,1989,1.0780358
tur,1990,1.0052685
tur,1991,1.0286069
tur,1992,1.0605447
tur,1993,1.1208007
tur,1994,1.2042592
tur,1995,1.1620852
tur,1996,1.1675605
tur,1997,1.6673374
tur,1998,1.9283653
tur,1999,1.3777723
tur,2000,1.3191581
tur,2001,1.1572274
tur,2002,1.1769822
tur,2003,1.1349593
tur,2004,1.093701
tur,2005,1.1315076
tur,2006,1.1162044
tur,2007,1.1325976
tur,2008,1.1222395
tur,2009,1.1643639
tur,2010,1.1484116
tur,2011,1.1239669
tur,2012,1.107971
tur,2013,1.1019213
tur,2014,1.1132267
tur,2015,1.1478016
tur,2016,1.1587298
uga,2005,1.427384
uga,2006,1.4775071
uga,2007,1.4861596
uga,2008,1.5092663
uga,2009,1.3049266
uga,2010,1.0808932
uga,2011,1.1937155
uga,2012,0.96172285
uga,2013,1.0661324
uga,2014,1.0764517
uga,2015,1.1382455
uga,2016,1.0790254
ukr,2002,0.76172858
ukr,2003,1.7158908
ukr,2004,2.2929647
ukr,2005,1.3969417
ukr,2006,1.2388771
ukr,2007,1.1813534
ukr,2008,1.0948257
ukr,2009,1.0462525
ukr,2010,1.0793977
ukr,2011,1.1059823
ukr,2012,1.0253659
ukr,2013,1.1294904
ukr,2014,1.2105962
ukr,2015,1.2543101
ukr,2016,1.3216964
usa,1993,1.5313784
usa,1994,1.0311122
usa,1995,1.089274
usa,1996,1.2738398
usa,1997,1.148632
usa,1998,0.81534326
usa,1999,0.98046154
usa,2000,1.1511701
usa,2001,1.0408206
usa,2002,2.1675291
usa,2003,1.3090186
usa,2004,1.7318287
usa,2005,1.9077287
usa,2006,1.5588233
usa,2007,2.5526066
usa,2008,2.2302084
usa,2009,1.8633994
usa,2010,1.6579393
usa,2011,1.5858308
usa,2012,1.4990939
usa,2013,1.5469091
usa,2014,1.4384977
usa,2015,1.4707927
usa,2016,1.4757544
usa,1980,0.93872172
usa,1981,0.97307795
usa,1982,1.0452485
usa,1983,1.0540344
usa,1984,1.0557209
usa,1985,1.0666038
usa,1986,1.1021539
usa,1987,1.1416975
usa,1988,1.1851263
usa,1989,1.282617
usa,1990,1.2698766
usa,1991,1.272265
usa,1992,1.2769798
usa,1993,1.3160034
usa,1994,1.2576914
usa,1995,1.260744
usa,1996,1.368103
usa,1997,1.3697851
usa,1998,1.4094151
usa,1999,1.5098529
usa,2000,1.4580375
usa,2001,1.4037963
usa,2002,1.4197347
usa,2003,1.4117668
usa,2004,1.3882704
usa,2005,1.4441712
usa,2006,1.4835535
usa,2007,1.464678
usa,2008,1.3891033
usa,2009,1.4188453
usa,2010,1.489343
usa,2011,1.3817273
usa,2012,1.4123243
usa,2013,1.4809334
usa,2014,1.568561
usa,2015,1.6182904
usa,2016,1.6789792
usa,1980,1.1469901
usa,1981,1.1445336
usa,1982,1.1699265
usa,1983,1.1836865
usa,1984,1.1883125
usa,1985,1.191517
usa,1986,1.2703958
usa,1987,1.3266546
usa,1988,1.3752699
usa,1989,1.3790448
usa,1990,1.3896254
usa,1991,1.4551529
usa,1992,1.4520741
usa,1993,1.439079
usa,1994,1.4273093
usa,1995,1.4504095
usa,1996,1.4541141
usa,1997,1.5554029
usa,1998,1.6085079
usa,1999,1.625387
usa,2000,1.6539735
usa,2001,1.5326678
usa,2002,1.6249319
usa,2003,1.6264081
usa,2004,1.5808649
usa,2005,1.5623529
usa,2006,1.5511969
usa,2007,1.5599501
usa,2008,1.5248241
usa,2009,1.5629454
usa,2010,1.5762436
usa,2011,1.5435183
usa,2012,1.5528064
usa,2013,1.6458538
usa,2014,1.6941921
usa,2015,1.7447314
usa,2016,1.7788502
usa,2013,6.209044
usa,2014,4.6002283
usa,2015,2.7515037
usa,2016,4.4102039
ury,2009,1.1859156
ury,2010,1.1325619
ury,2011,1.1163058
ury,2012,1.1546961
ury,2013,1.2409338
ury,2014,1.2624943
ven,1987,1.8395914
ven,1988,1.2734836
ven,1989,1.9490951
ven,1990,1.3157154
ven,1991,1.3240983
ven,1992,1.2409904
ven,1993,1.283748
ven,1994,1.3739314
ven,1995,1.357656
ven,1996,1.5845047
ven,1997,1.547461
ven,1998,1.3605697
ven,1999,1.4271003
ven,2000,2.1630204
ven,2001,2.101547
ven,2002,2.0050948
ven,2003,2.1383142
ven,2004,2.5164788
ven,2005,1.8974166
ven,2006,1.579601
ven,2007,1.1760348
ven,2008,1.2876314
ven,2009,1.2088087
ven,2010,1.3334836
ven,2011,1.4618917
ven,2012,1.27637
ven,2013,1.2563038
ven,2014,1.2504349
ven,2015,1.1963481
ven,2016,1.4656998
vnm,2001,1.2687362
vnm,2002,1.1469895
vnm,2003,0.81664735
vnm,2004,1.1437762
vnm,2005,1.1489137
vnm,2006,1.1912693
vnm,2007,1.1554253
vnm,2008,1.1088099
vnm,2009,1.1404384
vnm,2010,1.1278185
vnm,2011,1.0855534
vnm,2012,1.0850672
vnm,2013,1.121092
vnm,2014,1.1442339
vnm,2015,1.1389225
vnm,2016,1.1681174
zmb,2000,0.54118538
zmb,2005,2.2763212
zmb,2006,1.6539774
zmb,2007,1.3704144
zmb,2008,2.428551
zmb,2009,1.527933
zmb,2010,1.6278545
zmb,2011,1.6401536
zmb,2012,1.5488816
zmb,2013,1.9246781
zmb,2014,1.5724027
zmb,2015,1.4628494
zmb,2016,3.2306271
zwe,1993,1.067474
zwe,1994,1.0770861
zwe,1995,1.0538994
zwe,1996,1.0199145
zwe,1997,1.0265632
zwe,1998,1.0561335
zwe,1999,1.0736607
zwe,2000,1.4393412
zwe,2001,1.2012929
zwe,2002,1.1680124
zwe,2003,3.2307327
zwe,2004,2.5144362
zwe,2005,1.6652359
zwe,2006,1.4120225
zwe,2007,1.5700774
zwe,2008,1.289356
zwe,2009,0.98784703
zwe,2010,1.850382
zwe,2011,2.5003922
zwe,2012,2.0990098
zwe,2013,1.929139
zwe,2014,1.5262113
zwe,2015,2.1396823
zwe,2016,1.2872001
